patient_id,timestamp,face_symmetry_score,face_symmetry_cat,face_alignment_angle,face_width,face_height,face_aspect_ratio,face_swelling_score,face_swelling_cat,left_eye_openness_ratio,left_eye_openness_cat,left_eye_redness_score,left_eye_redness_cat,left_eye_dark_circle_score,left_eye_dark_circle_cat,left_eye_puffiness_score,left_eye_puffiness_cat,right_eye_openness_ratio,right_eye_openness_cat,right_eye_redness_score,right_eye_redness_cat,right_eye_dark_circle_score,right_eye_dark_circle_cat,right_eye_puffiness_score,right_eye_puffiness_cat,skin_forehead_acne_score,skin_forehead_acne_cat,skin_forehead_redness_score,skin_forehead_redness_cat,skin_forehead_texture_irregularity,skin_forehead_texture_cat,skin_forehead_spot_count,skin_left_cheek_acne_score,skin_left_cheek_acne_cat,skin_left_cheek_redness_score,skin_left_cheek_redness_cat,skin_left_cheek_texture_irregularity,skin_left_cheek_texture_cat,skin_left_cheek_spot_count,skin_right_cheek_acne_score,skin_right_cheek_acne_cat,skin_right_cheek_redness_score,skin_right_cheek_redness_cat,skin_right_cheek_texture_irregularity,skin_right_cheek_texture_cat,skin_right_cheek_spot_count,skin_nose_acne_score,skin_nose_acne_cat,skin_nose_redness_score,skin_nose_redness_cat,skin_nose_texture_irregularity,skin_nose_texture_cat,skin_nose_spot_count,lips_dryness_score,lips_dryness_cat,lips_color_consistency,lips_color_consistency_cat,lips_pallor_score,lips_pallor_cat,mouth_aspect_ratio,mouth_aspect_ratio_cat,mouth_corner_asymmetry,mouth_corner_asymmetry_cat,mouth_curvature_score,mouth_curvature_cat,overall_confidence,photo_path
1,2026-08-20T22:43:50.497838,80.8,Slight Asymmetry,-0.44,199,232,1.166,0,None,73.67,Partially Open,0,Clear,11.57,Clear,0,Clear,78.94,Open,0,Clear,39.99,Mild,0,Clear,0,Clear,14.66,Clear,68.39,Moderate,0,0,Clear,0,Clear,31.73,Mild,0,0,Clear,0.21,Clear,4.66,Smooth,0,10,Clear,1.59,Clear,37.18,Mild,1,100,Notable,63.12,Mild Inconsistency,82.84,Notable,100,Closed / Relaxed,23.42,Slight Asymmetry,3.62,Neutral,100,photos/Aayush_Sardana_001_01.jpg
1,2026-08-20T22:44:01.344183,83.1,Slight Asymmetry,-1.74,198,234,1.182,0,None,84.06,Open,0,Clear,7.01,Clear,0,Clear,83.76,Open,0,Clear,38.49,Mild,0,Clear,0,Clear,15.48,Clear,61.59,Moderate,0,10,Clear,0,Clear,77.54,Notable,1,0,Clear,0.41,Clear,21.54,Smooth,0,10,Clear,1.95,Clear,37.88,Mild,1,100,Notable,62.1,Mild Inconsistency,83.06,Notable,100,Closed / Relaxed,28.02,Slight Asymmetry,3.72,Neutral,100,photos/Aayush_Sardana_001_02.jpg
1,2026-08-20T22:44:10.124313,84,Slight Asymmetry,-1.75,195,232,1.19,0,None,75.67,Open,0,Clear,14.6,Clear,0,Clear,77.81,Open,0,Clear,43.49,Mild,0,Clear,0,Clear,15.69,Clear,97.01,Notable,0,0,Clear,0,Clear,30.14,Mild,0,0,Clear,1.82,Clear,11.58,Smooth,0,0,Clear,2.12,Clear,32.91,Smooth,0,100,Notable,60.87,Mild Inconsistency,83.14,Notable,100,Closed / Relaxed,26.51,Slight Asymmetry,0.32,Neutral,100,photos/Aayush_Sardana_001_03.jpg
1,2026-08-20T22:44:29.019401,88.7,Slight Asymmetry,-2.15,201,235,1.169,0,None,80.6,Open,0,Clear,10.76,Clear,0,Clear,79.29,Open,0,Clear,43.29,Mild,0,Clear,0,Clear,15.86,Clear,78.48,Notable,0,10,Clear,0,Clear,100,Notable,1,0,Clear,2.5,Clear,9.49,Smooth,0,0,Clear,4.12,Clear,35.03,Mild,0,100,Notable,57.68,Mild Inconsistency,80.36,Notable,100,Closed / Relaxed,11.44,Symmetric,3.55,Neutral,100,photos/Aayush_Sardana_001_04.jpg
1,2026-08-20T22:44:38.196089,82.2,Slight Asymmetry,-2.14,201,237,1.179,0,None,84.38,Open,0,Clear,12.24,Clear,0,Clear,80.55,Open,0,Clear,39.8,Mild,0,Clear,0,Clear,14.94,Clear,86.07,Notable,0,0,Clear,0,Clear,53.46,Mild,0,0,Clear,1.69,Clear,23.42,Smooth,0,10,Clear,2.36,Clear,40.96,Mild,1,100,Notable,62.31,Mild Inconsistency,81.25,Notable,100,Closed / Relaxed,21.35,Slight Asymmetry,3.72,Neutral,100,photos/Aayush_Sardana_001_05.jpg
1,2026-08-20T22:49:00.613605,70,Mild Asymmetry,-0.85,202,244,1.208,0,None,83.79,Open,0,Clear,16.28,Clear,0,Clear,77.4,Open,0,Clear,44.36,Mild,0,Clear,0,Clear,15.37,Clear,50.03,Mild,0,0,Clear,0,Clear,66.53,Moderate,0,0,Clear,3.36,Clear,13.59,Smooth,0,0,Clear,3.76,Clear,36.04,Mild,0,100,Notable,60,Mild Inconsistency,81.12,Notable,100,Closed / Relaxed,0.49,Symmetric,7.2,Neutral,100,photos/Aayush_Sardana_001_06.jpg
1,2026-08-21T13:06:43.134940,74.5,Mild Asymmetry,-1.06,165,189,1.145,0,None,99.83,Open,0,Clear,11.27,Clear,94.5,Notable,95.26,Open,0,Clear,0,Clear,0,Clear,0,Clear,75.96,Notable,7.78,Smooth,0,0,Clear,0,Clear,8.49,Smooth,0,0,Clear,0,Clear,48.5,Mild,0,10,Clear,0,Clear,19.19,Smooth,1,100,Notable,67.95,Mild Inconsistency,45.21,Mild,100,Closed / Relaxed,34.35,Slight Asymmetry,8.99,Neutral,100,photos/Aayush_Sardana_001_07.jpg
1,2026-09-09T15:35:18.968822,30.3,Notable Asymmetry,3.9,137,152,1.109,0,None,94.75,Open,0,Clear,7.7,Clear,36.77,Mild,100,Open,0,Clear,0,Clear,0,Clear,0,Clear,19.37,Clear,84.12,Notable,0,0,Clear,3.95,Clear,100,Notable,0,0,Clear,2.41,Clear,51.64,Mild,0,0,Clear,4.18,Clear,77.58,Moderate,0,100,Notable,80.08,Consistent,76.63,Moderate,100,Closed / Relaxed,31.49,Slight Asymmetry,-6.61,Neutral,100,photos/Aayush_Sardana_001_09.jpg
1,2026-09-09T15:47:27.961233,86.7,Slight Asymmetry,1.39,182,222,1.22,0,None,100,Open,0,Clear,1.52,Clear,51.79,Mild,100,Open,0,Clear,8.56,Clear,45.53,Mild,0,Clear,33.08,Mild,25.26,Smooth,0,0,Clear,0,Clear,66.79,Moderate,0,0,Clear,0,Clear,29.29,Smooth,0,0,Clear,6.14,Clear,17.77,Smooth,0,100,Notable,88.78,Consistent,52.84,Mild,100,Closed / Relaxed,26.53,Slight Asymmetry,11.62,Smile-Leaning,100,photos/Aayush_Sardana_001_10.jpg
1,2026-09-09T15:52:44.148383,84.5,Slight Asymmetry,-1.58,164,191,1.165,0,None,75.54,Open,0,Clear,20.67,Clear,0,Clear,78.51,Open,0,Clear,25.73,Clear,0,Clear,0,Clear,15.99,Clear,71.48,Moderate,0,0,Clear,0,Clear,83.26,Notable,0,0,Clear,0,Clear,55.13,Moderate,0,0,Clear,4.56,Clear,42.03,Mild,0,100,Notable,81.97,Consistent,75.6,Moderate,100,Closed / Relaxed,14.96,Symmetric,-12.48,Frown-Leaning,100,photos/Aayush_Sardana_001_11.jpg
1,2026-09-09T15:58:07.055018,91.3,Symmetric,-1.01,167,209,1.251,0,None,96.21,Open,0,Clear,10.74,Clear,0,Clear,86.71,Open,0,Clear,14.47,Clear,0,Clear,0,Clear,21.18,Clear,41.53,Mild,0,0,Clear,0,Clear,12.84,Smooth,0,0,Clear,0,Clear,46.19,Mild,0,0,Clear,9.06,Clear,20.92,Smooth,0,100,Notable,79.5,Consistent,63.03,Moderate,100,Closed / Relaxed,21.5,Slight Asymmetry,4.23,Neutral,100,photos/Aayush_Sardana_001_12.jpg
1,2026-09-09T15:59:12.702367,68.2,Mild Asymmetry,2.06,167,205,1.228,0,None,100,Open,0,Clear,5.29,Clear,0,Clear,91.06,Open,0,Clear,14.69,Clear,0,Clear,0,Clear,18.97,Clear,65.88,Moderate,0,0,Clear,0,Clear,13.99,Smooth,0,0,Clear,0,Clear,43.16,Mild,0,0,Clear,7.56,Clear,32.58,Smooth,0,100,Notable,78.52,Consistent,72.36,Moderate,100,Closed / Relaxed,46.19,Mild Asymmetry,16.05,Smile-Leaning,100,photos/Aayush_Sardana_001_13.jpg
1,2026-09-09T16:13:21.891816,97.7,Symmetric,-1.77,146,175,1.199,0,None,87.24,Open,0,Clear,3.5,Clear,0,Clear,76.81,Open,0,Clear,12.76,Clear,39.55,Mild,0,Clear,54.26,Moderate,25.87,Smooth,0,10,Clear,0,Clear,72.35,Moderate,1,0,Clear,0,Clear,45.67,Mild,0,0,Clear,7.03,Clear,14.52,Smooth,0,74.22,Moderate,88.82,Consistent,29.74,Normal,100,Closed / Relaxed,18.56,Slight Asymmetry,-5.04,Neutral,100,photos/Aayush_Sardana_001_14.jpg
1,2026-09-09T16:19:30.443357,82.6,Slight Asymmetry,1.67,158,187,1.184,0,None,92.91,Open,0,Clear,8.73,Clear,0,Clear,83.9,Open,0,Clear,21.53,Clear,0,Clear,0,Clear,43.45,Mild,25.59,Smooth,0,0,Clear,0,Clear,77.62,Notable,0,0,Clear,4.3,Clear,27.34,Smooth,0,0,Clear,6.99,Clear,19.87,Smooth,0,81.94,Notable,88.37,Consistent,42.84,Mild,100,Closed / Relaxed,19.41,Slight Asymmetry,-17.66,Frown-Leaning,100,photos/Aayush_Sardana_001_15.jpg
001,2026-09-09T16:30:25.302511,84.1,Slight Asymmetry,0.0,162,196,1.21,0.0,None,100.0,Open,0.0,Clear,3.38,Clear,0.0,Clear,97.47,Open,0.0,Clear,9.49,Clear,53.37,Mild,0.0,Clear,48.03,Mild,18.69,Smooth,0,10.0,Clear,0.0,Clear,37.83,Mild,1,0.0,Clear,0.0,Clear,22.78,Smooth,0,0.0,Clear,9.88,Clear,12.61,Smooth,0,66.41,Moderate,87.82,Consistent,37.34,Mild,100.0,Closed / Relaxed,24.23,Slight Asymmetry,9.08,Neutral,100.0,photos/Aayush_Sardana_001_16.jpg
001,2026-09-09T19:15:33.698212,85.1,Slight Asymmetry,-3.67,172,195,1.134,0.0,None,84.41,Open,0.0,Clear,42.85,Mild,0.0,Clear,100.0,Open,0.0,Clear,58.59,Moderate,0.0,Clear,0.0,Clear,20.17,Clear,10.71,Smooth,0,10.0,Clear,0.0,Clear,30.57,Mild,1,0.0,Clear,8.29,Clear,0.5,Smooth,0,10.0,Clear,5.86,Clear,11.66,Smooth,1,55.02,Moderate,81.02,Consistent,53.5,Mild,100.0,Closed / Relaxed,23.69,Slight Asymmetry,-1.06,Neutral,100.0,photos/Aayush_Sardana_001_17.jpg
001,2026-09-09T19:16:49.519462,94.5,Symmetric,-0.59,150,170,1.133,0.0,None,86.21,Open,0.0,Clear,29.51,Clear,0.0,Clear,95.65,Open,0.0,Clear,67.93,Moderate,0.0,Clear,0.0,Clear,17.86,Clear,42.02,Mild,0,10.0,Clear,3.9,Clear,100.0,Notable,1,0.0,Clear,10.58,Clear,31.61,Mild,0,10.0,Clear,9.23,Clear,18.72,Smooth,1,100.0,Notable,60.77,Mild Inconsistency,61.44,Moderate,100.0,Closed / Relaxed,30.12,Slight Asymmetry,-14.01,Frown-Leaning,100.0,photos/Aayush_Sardana_001_18.jpg
001,2026-09-25T18:30:55.673853,88.6,Slight Asymmetry,0.55,160,180,1.125,0.0,None,81.32,Open,0.0,Clear,0.0,Clear,0.0,Clear,95.52,Open,0.0,Clear,0.0,Clear,0.0,Clear,0.0,Clear,29.01,Mild,10.99,Smooth,0,0.0,Clear,0.0,Clear,61.49,Moderate,0,0.0,Clear,2.45,Clear,80.5,Notable,0,20.0,Mild,5.35,Clear,34.98,Smooth,2,100.0,Notable,88.52,Consistent,66.09,Moderate,100.0,Closed / Relaxed,18.1,Slight Asymmetry,-13.11,Frown-Leaning,100.0,photos/Aayush_Sardana_001_19.jpg
001,2026-09-25T18:43:19.078026,74.4,Mild Asymmetry,-0.52,166,201,1.211,0.0,None,89.58,Open,0.0,Clear,0.0,Clear,0.0,Clear,99.42,Open,0.0,Clear,0.0,Clear,0.0,Clear,0.0,Clear,33.9,Mild,27.24,Smooth,0,0.0,Clear,0.0,Clear,11.13,Smooth,0,10.0,Clear,0.0,Clear,29.56,Smooth,1,0.0,Clear,3.13,Clear,25.02,Smooth,0,100.0,Notable,88.42,Consistent,68.16,Moderate,100.0,Closed / Relaxed,39.05,Mild Asymmetry,-8.42,Neutral,100.0,photos/Aayush_Sardana_001_20.jpg
001,2026-09-25T19:25:23.908932,86.6,Slight Asymmetry,0.0,170,191,1.124,0.0,None,87.07,Open,0.0,Clear,0.0,Clear,0.0,Clear,100.0,Open,0.0,Clear,0.0,Clear,0.0,Clear,0.0,Clear,27.25,Mild,7.97,Smooth,0,10.0,Clear,0.0,Clear,45.96,Mild,1,0.0,Clear,7.38,Clear,72.07,Moderate,0,10.0,Clear,8.08,Clear,44.69,Mild,1,100.0,Notable,88.54,Consistent,64.97,Moderate,100.0,Closed / Relaxed,21.85,Slight Asymmetry,-20.48,Frown-Leaning,100.0,photos/Aayush_Sardana_001_21.jpg
001,2026-09-25T19:46:00.154690,92.0,Symmetric,0.0,170,201,1.182,0.0,None,85.31,Open,0.0,Clear,7.16,Clear,0.0,Clear,85.23,Open,0.0,Clear,9.86,Clear,0.0,Clear,0.0,Clear,42.66,Mild,50.87,Mild,0,0.0,Clear,0.0,Clear,52.22,Mild,0,0.0,Clear,0.0,Clear,93.07,Notable,0,10.0,Clear,0.0,Clear,45.81,Mild,1,100.0,Notable,89.97,Consistent,57.17,Mild,100.0,Closed / Relaxed,10.26,Symmetric,-11.54,Frown-Leaning,100.0,photos/Aayush_Sardana_001_22.jpg
001,2026-09-25T19:57:22.127423,96.9,Symmetric,0.0,170,188,1.106,0.0,None,87.28,Open,0.0,Clear,0.0,Clear,0.0,Clear,98.09,Open,0.0,Clear,0.0,Clear,0.0,Clear,0.0,Clear,35.53,Mild,58.32,Moderate,0,10.0,Clear,0.0,Clear,43.97,Mild,1,0.0,Clear,0.0,Clear,73.54,Moderate,0,20.0,Mild,2.65,Clear,40.42,Mild,2,100.0,Notable,89.05,Consistent,60.57,Moderate,100.0,Closed / Relaxed,21.49,Slight Asymmetry,-28.21,Frown-Leaning,100.0,photos/Aayush_Sardana_001_23.jpg
001,2026-09-25T22:06:01.675133,92.6,Symmetric,0.71,127,129,1.016,0.0,None,81.03,Open,0.0,Clear,6.98,Clear,14.17,Clear,84.91,Open,0.0,Clear,7.55,Clear,0.0,Clear,0.0,Clear,46.05,Mild,93.32,Notable,0,10.0,Clear,0.0,Clear,47.65,Mild,1,0.0,Clear,3.61,Clear,74.0,Moderate,0,20.0,Mild,4.96,Clear,63.77,Moderate,2,100.0,Notable,84.94,Consistent,45.06,Mild,100.0,Closed / Relaxed,22.41,Slight Asymmetry,-37.29,Frown-Leaning,100.0,photos/Aayush_Sardana_001_24.jpg
001,2026-09-25T23:27:55.388883,80.0,Slight Asymmetry,3.93,155,184,1.187,0.0,None,89.39,Open,0.0,Clear,0.0,Clear,44.17,Mild,89.55,Open,0.0,Clear,0.0,Clear,0.0,Clear,0.0,Clear,36.22,Mild,39.94,Mild,0,0.0,Clear,0.0,Clear,27.99,Smooth,0,0.0,Clear,0.0,Clear,71.08,Moderate,0,0.0,Clear,3.44,Clear,36.66,Mild,0,100.0,Notable,89.19,Consistent,59.13,Mild,100.0,Closed / Relaxed,32.85,Slight Asymmetry,4.14,Neutral,100.0,photos/Aayush_Sardana_001_25.jpg
001,2026-09-25T23:33:19.990292,71.7,Mild Asymmetry,4.34,124,136,1.097,0.0,None,100.0,Open,0.0,Clear,0.0,Clear,0.0,Clear,100.0,Open,0.0,Clear,0.0,Clear,0.0,Clear,0.0,Clear,32.2,Mild,46.98,Mild,0,0.0,Clear,0.0,Clear,31.3,Mild,0,0.0,Clear,6.97,Clear,38.03,Mild,0,0.0,Clear,11.08,Clear,40.35,Mild,0,100.0,Notable,89.26,Consistent,56.0,Mild,100.0,Closed / Relaxed,16.38,Slight Asymmetry,-0.48,Neutral,100.0,photos/Aayush_Sardana_001_26.jpg
001,2026-09-25T23:38:13.612642,86.8,Slight Asymmetry,-0.62,143,163,1.14,0.0,None,88.1,Open,0.0,Clear,0.0,Clear,0.0,Clear,87.24,Open,0.0,Clear,0.0,Clear,0.0,Clear,0.0,Clear,48.1,Mild,24.78,Smooth,0,10.0,Clear,0.0,Clear,15.31,Smooth,1,0.0,Clear,0.0,Clear,73.07,Moderate,0,10.0,Clear,0.68,Clear,41.11,Mild,1,100.0,Notable,86.46,Consistent,50.38,Mild,100.0,Closed / Relaxed,19.4,Slight Asymmetry,-5.0,Neutral,100.0,photos/Aayush_Sardana_001_27.jpg
001,2026-09-25T23:47:25.373962,93.3,Symmetric,-0.64,137,148,1.08,0.0,None,90.13,Open,0.0,Clear,22.9,Clear,0.0,Clear,88.82,Open,0.0,Clear,19.88,Clear,0.0,Clear,0.0,Clear,40.87,Mild,100.0,Notable,0,0.0,Clear,0.11,Clear,50.26,Mild,0,0.0,Clear,0.92,Clear,81.41,Notable,0,10.0,Clear,0.52,Clear,49.51,Mild,1,100.0,Notable,85.74,Consistent,54.02,Mild,100.0,Closed / Relaxed,18.72,Slight Asymmetry,-29.44,Frown-Leaning,100.0,photos/Aayush_Sardana_001_28.jpg
001,2026-09-25T23:51:31.212942,89.4,Slight Asymmetry,-0.64,139,152,1.094,0.0,None,90.6,Open,0.0,Clear,16.68,Clear,0.0,Clear,79.72,Open,0.0,Clear,14.0,Clear,0.0,Clear,0.0,Clear,41.18,Mild,95.93,Notable,0,10.0,Clear,0.0,Clear,34.82,Mild,1,0.0,Clear,1.33,Clear,72.5,Moderate,0,20.0,Mild,2.48,Clear,50.09,Mild,2,100.0,Notable,82.73,Consistent,55.5,Mild,100.0,Closed / Relaxed,18.14,Slight Asymmetry,-38.43,Frown-Leaning,100.0,photos/Aayush_Sardana_001_29.jpg
001,2026-09-25T23:54:24.672148,81.9,Slight Asymmetry,0.0,139,141,1.014,0.0,None,79.62,Open,0.0,Clear,10.41,Clear,0.0,Clear,91.43,Open,0.0,Clear,20.32,Clear,0.0,Clear,0.0,Clear,42.33,Mild,100.0,Notable,0,0.0,Clear,1.64,Clear,28.55,Smooth,0,0.0,Clear,1.95,Clear,49.2,Mild,0,20.0,Mild,3.64,Clear,61.71,Moderate,2,100.0,Notable,84.57,Consistent,52.73,Mild,100.0,Closed / Relaxed,39.15,Mild Asymmetry,-29.36,Frown-Leaning,100.0,photos/Aayush_Sardana_001_30.jpg
001,2026-09-25T23:59:21.284578,88.6,Slight Asymmetry,-1.81,146,171,1.171,0.0,None,86.31,Open,0.0,Clear,16.93,Clear,25.51,Clear,100.0,Open,0.0,Clear,11.41,Clear,0.0,Clear,0.0,Clear,45.43,Mild,53.07,Mild,0,0.0,Clear,0.0,Clear,13.38,Smooth,0,0.0,Clear,0.0,Clear,28.12,Smooth,0,0.0,Clear,0.0,Clear,30.74,Smooth,0,100.0,Notable,87.6,Consistent,58.43,Mild,100.0,Closed / Relaxed,32.16,Slight Asymmetry,0.0,Neutral,100.0,photos/Aayush_Sardana_001_31.jpg
001,2026-09-26T00:00:40.904213,94.3,Symmetric,-2.41,145,167,1.152,0.0,None,100.0,Open,0.0,Clear,11.8,Clear,0.0,Clear,100.0,Open,0.0,Clear,11.02,Clear,0.0,Clear,0.0,Clear,42.42,Mild,89.68,Notable,0,0.0,Clear,0.0,Clear,6.93,Smooth,0,0.0,Clear,0.0,Clear,68.0,Moderate,0,0.0,Clear,0.0,Clear,34.2,Smooth,0,100.0,Notable,86.9,Consistent,63.15,Moderate,100.0,Closed / Relaxed,25.16,Slight Asymmetry,-5.4,Neutral,100.0,photos/Aayush_Sardana_001_32.jpg
001,2026-09-26T14:50:07.966363,59.7,Mild Asymmetry,1.49,168,213,1.268,0.0,None,100.0,Open,0.0,Clear,0.0,Clear,61.75,Moderate,90.47,Open,0.0,Clear,0.0,Clear,0.0,Clear,0.0,Clear,48.01,Mild,34.58,Mild,0,0.0,Clear,6.54,Clear,49.09,Mild,0,0.0,Clear,0.0,Clear,21.67,Smooth,0,0.0,Clear,17.87,Clear,18.1,Smooth,0,100.0,Notable,92.2,Consistent,44.44,Mild,100.0,Closed / Relaxed,27.96,Slight Asymmetry,11.38,Smile-Leaning,100.0,photos/Aayush_Sardana_001_33.jpg
001,2026-09-26T23:39:42.111435,92.0,Symmetric,-2.91,174,204,1.172,0.0,None,93.63,Open,0.0,Clear,0.0,Clear,0.0,Clear,95.63,Open,0.0,Clear,3.79,Clear,0.0,Clear,0.0,Clear,37.48,Mild,26.08,Smooth,0,10.0,Clear,0.0,Clear,26.41,Smooth,1,0.0,Clear,5.86,Clear,17.32,Smooth,0,0.0,Clear,14.72,Clear,13.38,Smooth,0,44.86,Mild,91.35,Consistent,59.52,Mild,100.0,Closed / Relaxed,24.8,Slight Asymmetry,-7.32,Neutral,100.0,photos/Aayush_Sardana_001_34.jpg
001,2026-09-26T23:44:03.452949,87.1,Slight Asymmetry,0.0,149,177,1.188,0.0,None,88.82,Open,0.0,Clear,0.0,Clear,25.58,Clear,96.4,Open,0.0,Clear,0.89,Clear,0.0,Clear,0.0,Clear,36.88,Mild,48.94,Mild,0,0.0,Clear,0.0,Clear,21.06,Smooth,0,0.0,Clear,2.82,Clear,53.79,Mild,0,0.0,Clear,7.28,Clear,34.7,Smooth,0,100.0,Notable,88.62,Consistent,58.61,Mild,100.0,Closed / Relaxed,37.68,Mild Asymmetry,-4.71,Neutral,100.0,photos/Aayush_Sardana_001_35.jpg
001,2026-09-26T23:50:35.931750,93.9,Symmetric,0.62,142,154,1.085,0.0,None,87.65,Open,0.0,Clear,12.5,Clear,2.73,Clear,99.79,Open,0.0,Clear,9.81,Clear,0.0,Clear,0.0,Clear,57.36,Moderate,100.0,Notable,0,10.0,Clear,0.0,Clear,42.03,Mild,1,0.0,Clear,2.54,Clear,69.85,Moderate,0,20.0,Mild,3.64,Clear,55.72,Mild,2,100.0,Notable,83.04,Consistent,29.54,Normal,100.0,Closed / Relaxed,20.31,Slight Asymmetry,-34.36,Frown-Leaning,100.0,photos/Aayush_Sardana_001_36.jpg
001,2026-09-26T23:54:01.985231,94.5,Symmetric,0.63,140,154,1.1,0.0,None,86.28,Open,0.0,Clear,13.34,Clear,0.0,Clear,95.62,Open,0.0,Clear,11.29,Clear,0.0,Clear,0.0,Clear,41.92,Mild,39.01,Mild,0,0.0,Clear,0.0,Clear,47.75,Mild,0,0.0,Clear,1.82,Clear,69.56,Moderate,0,20.0,Mild,2.26,Clear,51.32,Mild,2,100.0,Notable,82.25,Consistent,54.87,Mild,100.0,Closed / Relaxed,33.44,Slight Asymmetry,-29.44,Frown-Leaning,100.0,photos/Aayush_Sardana_001_37.jpg
001,2026-09-26T23:57:20.068869,94.2,Symmetric,-0.59,149,170,1.141,0.0,None,80.77,Open,0.0,Clear,0.0,Clear,0.0,Clear,77.69,Open,0.0,Clear,7.31,Clear,0.0,Clear,0.0,Clear,41.27,Mild,16.75,Smooth,0,0.0,Clear,0.0,Clear,41.19,Mild,0,10.0,Clear,2.82,Clear,62.02,Moderate,1,10.0,Clear,5.63,Clear,49.6,Mild,1,100.0,Notable,84.95,Consistent,52.11,Mild,100.0,Closed / Relaxed,18.27,Slight Asymmetry,-18.9,Frown-Leaning,100.0,photos/Aayush_Sardana_001_38.jpg
001,2026-09-27T00:17:36.780257,96.1,Symmetric,-1.23,144,165,1.146,0.0,None,86.21,Open,0.0,Clear,0.4,Clear,0.0,Clear,92.82,Open,0.0,Clear,4.9,Clear,0.0,Clear,0.0,Clear,41.8,Mild,70.68,Moderate,0,0.0,Clear,0.0,Clear,39.58,Mild,0,0.0,Clear,0.0,Clear,63.59,Moderate,0,10.0,Clear,0.0,Clear,41.35,Mild,1,100.0,Notable,86.02,Consistent,53.48,Mild,100.0,Closed / Relaxed,25.61,Slight Asymmetry,-5.2,Neutral,100.0,photos/Aayush_Sardana_001_40.jpg
001,2026-09-27T00:19:52.583836,90.3,Symmetric,-1.87,144,160,1.111,0.0,None,79.46,Open,0.0,Clear,6.72,Clear,0.0,Clear,91.79,Open,0.0,Clear,13.84,Clear,0.0,Clear,0.0,Clear,39.56,Mild,82.9,Notable,0,10.0,Clear,0.0,Clear,42.73,Mild,1,0.0,Clear,1.3,Clear,63.85,Moderate,0,10.0,Clear,0.0,Clear,42.6,Mild,1,100.0,Notable,84.18,Consistent,57.83,Mild,100.0,Closed / Relaxed,30.44,Slight Asymmetry,-19.54,Frown-Leaning,100.0,photos/Aayush_Sardana_001_41.jpg
001,2026-09-27T00:32:50.171666,92.5,Symmetric,-1.55,170,206,1.212,0.0,None,87.84,Open,0.0,Clear,0.0,Clear,3.17,Clear,97.74,Open,0.0,Clear,0.0,Clear,0.0,Clear,0.0,Clear,30.13,Mild,46.95,Mild,0,0.0,Clear,0.0,Clear,40.81,Mild,0,0.0,Clear,3.18,Clear,33.59,Mild,0,0.0,Clear,3.54,Clear,35.35,Mild,0,100.0,Notable,88.88,Consistent,66.98,Moderate,100.0,Closed / Relaxed,39.29,Mild Asymmetry,-4.18,Neutral,100.0,photos/Aayush_Sardana_001_42.jpg
001,2026-09-27T00:38:24.804841,77.8,Slight Asymmetry,-2.2,162,186,1.148,0.0,None,94.53,Open,0.0,Clear,0.0,Clear,0.0,Clear,100.0,Open,0.0,Clear,0.0,Clear,0.0,Clear,0.0,Clear,30.25,Mild,80.75,Notable,0,0.0,Clear,0.0,Clear,38.63,Mild,0,0.0,Clear,4.56,Clear,80.45,Notable,0,0.0,Clear,7.64,Clear,43.64,Mild,0,100.0,Notable,87.96,Consistent,64.3,Moderate,100.0,Closed / Relaxed,30.72,Slight Asymmetry,-17.2,Frown-Leaning,100.0,photos/Aayush_Sardana_001_43.jpg
001,2026-09-27T02:27:04.407857,85.5,Slight Asymmetry,3.87,119,118,0.992,2.4,None,61.08,Partially Open,0.0,Clear,0.13,Clear,0.0,Clear,85.3,Open,0.0,Clear,16.64,Clear,0.0,Clear,0.0,Clear,64.15,Moderate,96.44,Notable,0,10.0,Clear,0.0,Clear,50.65,Mild,1,0.0,Clear,2.44,Clear,75.78,Notable,0,10.0,Clear,3.5,Clear,71.35,Moderate,1,100.0,Notable,80.26,Consistent,32.23,Normal,100.0,Closed / Relaxed,11.67,Symmetric,-24.91,Frown-Leaning,100.0,photos/Aayush_Sardana_001_44.jpg
001,2026-09-27T02:50:04.593982,75.2,Slight Asymmetry,0.5,172,208,1.209,0.0,None,99.42,Open,0.0,Clear,0.0,Clear,0.0,Clear,100.0,Open,0.0,Clear,0.0,Clear,0.0,Clear,0.0,Clear,39.59,Mild,11.09,Smooth,0,0.0,Clear,0.0,Clear,21.05,Smooth,0,0.0,Clear,0.5,Clear,46.62,Mild,0,0.0,Clear,5.35,Clear,33.13,Smooth,0,100.0,Notable,88.98,Consistent,53.04,Mild,100.0,Closed / Relaxed,27.64,Slight Asymmetry,0.11,Neutral,100.0,photos/Aayush_Sardana_001_45.jpg
001,2026-09-27T03:05:06.076020,75.3,Slight Asymmetry,-4.92,147,168,1.143,0.0,None,91.26,Open,0.0,Clear,0.0,Clear,0.0,Clear,100.0,Open,0.0,Clear,0.0,Clear,0.0,Clear,0.0,Clear,31.91,Mild,74.23,Moderate,0,0.0,Clear,0.0,Clear,38.32,Mild,0,0.0,Clear,2.41,Clear,100.0,Notable,0,0.0,Clear,7.92,Clear,43.23,Mild,0,100.0,Notable,89.25,Consistent,58.6,Mild,100.0,Closed / Relaxed,35.51,Mild Asymmetry,-5.78,Neutral,100.0,photos/Aayush_Sardana_001_46.jpg
001,2026-09-27T12:37:16.422482,96.3,Symmetric,0.0,144,164,1.139,0.0,None,67.93,Partially Open,0.0,Clear,0.0,Clear,0.0,Clear,76.87,Open,0.0,Clear,14.88,Clear,0.0,Clear,20.0,Mild,61.76,Moderate,32.79,Mild,2,10.0,Clear,0.0,Clear,93.47,Notable,1,10.0,Clear,3.86,Clear,43.78,Mild,1,10.0,Clear,5.86,Clear,55.31,Mild,1,100.0,Notable,53.94,Mild Inconsistency,35.3,Mild,100.0,Closed / Relaxed,13.89,Symmetric,0.0,Neutral,100.0,photos/Aayush_Sardana_001_47.jpg
001,2026-09-27T13:04:50.531947,87.0,Slight Asymmetry,0.0,163,190,1.166,0.0,None,100.0,Open,0.0,Clear,0.0,Clear,0.0,Clear,100.0,Open,0.0,Clear,14.93,Clear,0.0,Clear,0.0,Clear,35.31,Mild,22.61,Smooth,0,20.0,Mild,0.0,Clear,100.0,Notable,2,0.0,Clear,17.69,Clear,23.76,Smooth,0,10.0,Clear,18.51,Clear,54.69,Mild,1,100.0,Notable,43.82,Moderate Inconsistency,47.67,Mild,100.0,Closed / Relaxed,12.58,Symmetric,-4.72,Neutral,100.0,photos/Aayush_Sardana_001_48.jpg
001,2026-09-27T15:34:05.048796,91.0,Symmetric,0.0,148,168,1.135,0.0,None,86.63,Open,0.0,Clear,0.0,Clear,0.0,Clear,92.55,Open,0.0,Clear,25.62,Clear,53.04,Mild,0.0,Clear,60.22,Moderate,15.43,Smooth,0,0.0,Clear,0.0,Clear,78.94,Notable,0,0.0,Clear,0.0,Clear,23.09,Smooth,0,10.0,Clear,0.0,Clear,40.71,Mild,1,100.0,Notable,58.51,Mild Inconsistency,40.56,Mild,100.0,Closed / Relaxed,12.58,Symmetric,-33.01,Frown-Leaning,100.0,photos/Aayush_Sardana_001_49.jpg
001,2026-09-27T15:44:27.600890,88.6,Slight Asymmetry,-1.81,153,171,1.118,0.0,None,79.94,Open,0.0,Clear,0.0,Clear,0.0,Clear,86.19,Open,0.0,Clear,28.28,Clear,80.6,Notable,0.0,Clear,48.5,Mild,67.41,Moderate,0,20.0,Mild,0.0,Clear,100.0,Notable,2,0.0,Clear,0.0,Clear,17.98,Smooth,0,10.0,Clear,6.98,Clear,43.92,Mild,1,100.0,Notable,58.28,Mild Inconsistency,45.81,Mild,100.0,Closed / Relaxed,16.65,Slight Asymmetry,-23.68,Frown-Leaning,100.0,photos/Aayush_Sardana_001_50.jpg
001,2026-09-27T15:52:16.743230,66.0,Mild Asymmetry,1.01,176,204,1.159,0.0,None,81.67,Open,0.0,Clear,0.0,Clear,0.0,Clear,91.82,Open,0.0,Clear,2.9,Clear,0.0,Clear,0.0,Clear,47.89,Mild,9.43,Smooth,0,0.0,Clear,0.0,Clear,47.34,Mild,0,10.0,Clear,0.0,Clear,18.05,Smooth,1,10.0,Clear,0.0,Clear,36.07,Mild,1,100.0,Notable,56.52,Mild Inconsistency,54.54,Mild,100.0,Closed / Relaxed,33.28,Slight Asymmetry,-8.13,Neutral,100.0,photos/Aayush_Sardana_001_51.jpg
001,2026-09-27T15:53:51.575494,91.5,Symmetric,2.14,167,182,1.09,0.0,None,76.46,Open,0.0,Clear,0.0,Clear,0.0,Clear,80.86,Open,0.0,Clear,23.39,Clear,27.97,Clear,0.0,Clear,45.24,Mild,33.52,Mild,0,10.0,Clear,0.0,Clear,100.0,Notable,1,0.0,Clear,0.0,Clear,35.65,Mild,0,10.0,Clear,0.0,Clear,53.56,Mild,1,100.0,Notable,57.17,Mild Inconsistency,53.95,Mild,100.0,Closed / Relaxed,24.9,Slight Asymmetry,-24.11,Frown-Leaning,100.0,photos/Aayush_Sardana_001_52.jpg
001,2026-09-27T16:00:47.159887,86.9,Slight Asymmetry,-0.56,161,177,1.099,0.0,None,86.47,Open,0.0,Clear,0.0,Clear,0.0,Clear,93.95,Open,0.0,Clear,21.76,Clear,38.86,Mild,0.0,Clear,45.97,Mild,17.43,Smooth,0,10.0,Clear,0.0,Clear,100.0,Notable,1,0.0,Clear,0.0,Clear,31.71,Mild,0,10.0,Clear,0.0,Clear,48.51,Mild,1,100.0,Notable,56.14,Mild Inconsistency,55.84,Mild,100.0,Closed / Relaxed,16.05,Slight Asymmetry,-17.06,Frown-Leaning,100.0,photos/Aayush_Sardana_001_53.jpg
001,2026-09-27T16:04:19.913271,94.9,Symmetric,-1.19,152,167,1.099,0.0,No Swelling,81.42,Open,0.0,Clear,0.0,Clear,0.0,Clear,100.0,Open,0.0,Clear,11.99,Clear,43.38,Mild,0.0,Clear,44.32,Mild,33.1,Mild,0,10.0,Clear,0.0,Clear,100.0,Notable,1,0.0,Clear,0.0,Clear,33.62,Mild,0,10.0,Clear,3.83,Clear,46.48,Mild,1,100.0,Notable,56.48,Mild Inconsistency,54.33,Mild,100.0,Closed / Relaxed,1.54,Symmetric,-32.68,Frown-Leaning,100.0,photos/Aayush_Sardana_001_54.jpg
001,2026-09-27T16:08:41.186468,78.8,Slight Asymmetry,-0.56,162,180,1.111,0.0,No Swelling,92.84,Open,18.05,Clear,0.0,Clear,0.0,Clear,92.9,Open,9.57,Clear,11.27,Clear,71.94,Moderate,0.0,Clear,47.65,Mild,10.23,Smooth,0,10.0,Clear,0.0,Clear,89.04,Notable,1,0.0,Clear,0.0,Clear,29.45,Smooth,0,10.0,Clear,0.0,Clear,45.02,Mild,1,100.0,Notable,56.28,Mild Inconsistency,57.36,Mild,100.0,Closed / Relaxed,16.91,Slight Asymmetry,-17.66,Frown-Leaning,100.0,photos/Aayush_Sardana_001_55.jpg
001,2026-09-27T16:50:25.379422,93.3,Symmetric,0.8,112,126,1.125,0.0,No Swelling,78.11,Open,0.0,Clear,0.0,Clear,0.0,Clear,78.62,Open,0.0,Clear,21.82,Clear,0.0,Clear,0.0,Clear,76.17,Notable,4.0,Smooth,0,0.0,Clear,0.0,Clear,23.98,Smooth,0,0.0,Clear,0.0,Clear,0.0,Smooth,0,0.0,Clear,0.0,Clear,17.89,Smooth,0,79.27,Notable,72.37,Mild Inconsistency,37.37,Mild,100.0,Closed / Relaxed,22.05,Slight Asymmetry,-16.15,Frown-Leaning,94.4,photos/Aayush_Sardana_001_56.jpg
001,2026-09-27T17:02:11.310059,79.9,Slight Asymmetry,-0.62,144,164,1.139,0.0,No Swelling,81.64,Open,0.0,Clear,0.0,Clear,0.0,Clear,96.83,Open,0.0,Clear,8.99,Clear,41.72,Mild,0.0,Clear,62.31,Moderate,2.23,Smooth,0,0.0,Clear,0.0,Clear,12.69,Smooth,0,0.0,Clear,0.0,Clear,0.0,Smooth,0,0.0,Clear,0.0,Clear,23.91,Smooth,0,85.71,Notable,65.89,Mild Inconsistency,43.12,Mild,100.0,Closed / Relaxed,19.75,Slight Asymmetry,-4.98,Neutral,94.4,photos/Aayush_Sardana_001_57.jpg
001,2026-09-27T17:05:03.775382,64.9,Mild Asymmetry,-4.99,158,178,1.127,0.0,No Swelling,100.0,Open,0.0,Clear,0.0,Clear,0.0,Clear,100.0,Open,0.0,Clear,15.59,Clear,0.0,Clear,0.0,Clear,48.29,Mild,2.71,Smooth,0,10.0,Clear,0.54,Clear,55.24,Moderate,1,0.0,Clear,0.0,Clear,0.0,Smooth,0,0.0,Clear,3.35,Clear,20.41,Smooth,0,100.0,Notable,62.13,Mild Inconsistency,52.53,Mild,100.0,Closed / Relaxed,24.1,Slight Asymmetry,2.2,Neutral,94.4,photos/Aayush_Sardana_001_58.jpg
001,2026-09-27T18:06:41.770971,89.4,Slight Asymmetry,-1.15,155,178,1.148,0.0,No Swelling,79.69,Open,0.0,Clear,0.0,Clear,0.0,Clear,92.03,Open,0.0,Clear,0.0,Clear,0.0,Clear,0.0,Clear,37.25,Mild,62.12,Moderate,0,0.0,Clear,0.0,Clear,68.71,Moderate,0,10.0,Clear,3.42,Clear,84.94,Notable,1,10.0,Clear,6.7,Clear,55.09,Mild,1,100.0,Notable,88.83,Consistent,61.45,Moderate,100.0,Closed / Relaxed,21.08,Slight Asymmetry,-8.71,Neutral,100.0,photos/Aayush_Sardana_001_59.jpg
001,2026-09-27T19:05:09.016507,69.8,Mild Asymmetry,-3.62,123,141,1.146,0.0,No Swelling,91.99,Open,0.0,Clear,5.0,Clear,15.79,Clear,100.0,Open,0.0,Clear,0.0,Clear,0.0,Clear,0.0,Clear,55.09,Moderate,27.88,Smooth,0,0.0,Clear,0.0,Clear,19.48,Smooth,0,0.0,Clear,0.0,Clear,58.01,Moderate,0,0.0,Clear,0.94,Clear,47.6,Mild,0,77.69,Notable,86.54,Consistent,41.48,Mild,100.0,Closed / Relaxed,23.64,Slight Asymmetry,-5.69,Neutral,100.0,photos/Aayush_Sardana_001_60.jpg
001,2026-09-27T20:44:13.755857,91.0,Symmetric,-2.52,139,158,1.137,0.0,No Swelling,97.47,Open,0.0,Clear,0.0,Clear,0.0,Clear,94.73,Open,0.0,Clear,0.0,Clear,0.0,Clear,0.0,Clear,49.21,Mild,75.03,Notable,0,0.0,Clear,0.0,Clear,45.6,Mild,0,0.0,Clear,0.58,Clear,67.32,Moderate,0,0.0,Clear,0.99,Clear,47.39,Mild,0,79.17,Notable,83.68,Consistent,46.68,Mild,100.0,Closed / Relaxed,11.1,Symmetric,-15.33,Frown-Leaning,100.0,photos/Aayush_Sardana_001_61.jpg
